rcode,ecode1,name,functions,2010,2011,2012,2013,2014,2015,2016,2017,2018,2019
R602,E0101,Bath & North East Somerset UA,UL,0,-0.025855,-0.024392,-0.023719,-0.017319,0.011592,-0.016098,0.018233,0.02062,0.018101
R603,E0102,Bristol UA,UL,0,-0.036238,-0.030498,-0.025206,-0.036821,-0.026429,-0.031468,0.013987,0.02055,0.007671
R604,E0103,South Gloucestershire UA,UL,0,-0.024165,-0.022117,-0.021734,-0.011871,0.008677,-0.002987,0.00327,0.016953,0.009428
R605,E0104,North Somerset UA,UL,0,-0.023547,-0.023653,-0.023789,-0.017846,0.005862,-0.014365,0.017528,0.019355,0.008765
R619,E0201,Luton UA,UL,0,-0.054645,-0.032262,0.008368,-0.051028,-0.03018,-0.019126,0.006433,0.020225,0.006897
R679,E0202,Bedford UA,UL,0,-0.037806,-0.030918,-0.019363,-0.017161,-0.001014,-0.010815,0.009738,0.01847,0.010344
R680,E0203,Central Bedfordshire UA,UL,0,-0.017487,-0.021953,-0.015492,-0.001143,0.020132,0.004922,0.010043,0.006793,0.008202
R642,E0301,Bracknell Forest UA,UL,0,-0.026097,-0.025731,-0.021993,-0.010537,0.009994,-0.007222,-0.003535,0.004824,0.002974
R643,E0302,West Berkshire UA,UL,0,-0.020889,-0.024123,-0.022616,-0.008945,0.018407,-0.011538,0.012893,0.011435,0.004928
R644,E0303,Reading UA,UL,0,-0.042578,-0.035538,-0.022328,-0.029557,-0.016186,-0.020792,0.029625,0.023946,0.014778
R645,E0304,Slough UA,UL,0,-0.048599,-0.036497,-0.016085,-0.044138,-0.027755,-0.018271,0.012858,0.026355,0.012695
R646,E0305,Windsor & Maidenhead UA,UL,0,-0.010748,-0.018077,-0.019594,-0.006981,0.02644,-0.007756,0.008148,0.008875,0.007361
R647,E0306,Wokingham UA,UL,0,-0.00647,-0.014992,-0.016663,-0.000461,0.027407,0.000674,0.008827,0.039755,-0.01863
R620,E0401,Milton Keynes UA,UL,0,-0.03379,-0.027979,-0.009263,-0.027115,-0.015639,-0.019987,-0.000516,0.008472,0.004004
R633,E0421,Buckinghamshire,U,0,-0.005987,-0.016665,-0.021009,-0.003681,0.025773,-0.007324,0.019183,0.026145,0.008477
R17,E0431,Aylesbury Vale,L,0,-0.088,-0.072086,0.033437,0.012529,0.0227,0.057349,-0.026601,-0.060845,-0.002703
R19,E0432,Chiltern,L,0,-0.047521,-0.043442,-0.023525,0.000753,-0.035943,0.002313,-0.00495,-0.021304,-0.028308
R18,E0434,South Bucks,L,0,-0.044068,-0.047821,-0.018202,0.020912,-0.009682,-0.00686,-0.064571,-0.059396,-0.04703
R21,E0435,Wycombe,L,0,-0.072534,-0.056495,-0.005472,-0.016654,-0.029918,-0.00866,-0.11645,-0.050654,-0.00965
R649,E0501,Peterborough UA,UL,0,-0.048059,-0.035756,0.004078,-0.034987,-0.025402,-0.019222,0.008054,0.014545,0.003614
R663,E0521,Cambridgeshire,U,0,-0.030096,-0.026056,-0.011412,-0.012166,0.01732,-0.026859,0.004608,0.024685,0.019351
R22,E0531,Cambridge,L,0,-0.069158,-0.061668,0.002343,0.010925,0.022949,0.037418,-0.036944,-0.015694,-0.021562
R23,E0532,East Cambridgeshire,L,0,-0.068086,-0.064333,0.020097,-0.031809,-0.041751,-0.013438,-0.115852,-0.071729,-0.039105
R24,E0533,Fenland,L,0,-0.088,-0.070894,-0.010088,-0.043977,-0.051162,-0.012875,-0.059087,-0.017828,-0.007791
R27,E0536,South Cambridgeshire,L,0,-0.067196,-0.056365,0.032675,-0.005178,0.020517,0.046579,-0.096997,-0.045249,-0.042228
R648,E0551,Huntingdonshire,L,0,-0.076258,-0.065073,0.031541,-0.038115,-0.023246,-0.019685,-0.098687,-0.054805,-0.04008
R650,E0601,Halton UA,UL,0,-0.088,-0.038644,-0.017242,-0.048941,-0.043464,-0.033686,0.022345,0.020242,0.006649
R651,E0602,Warrington UA,UL,0,-0.034992,-0.031195,-0.023478,-0.021401,-0.003429,-0.019351,0.020262,0.014013,0.010893
R677,E0603,Cheshire East UA,UL,0,-0.016533,-0.020631,-0.02198,-0.009878,0.015524,-0.000821,0.018385,0.021141,0.011283
R678,E0604,Cheshire West and Chester UA,UL,0,-0.02982,-0.028929,-0.023285,-0.023597,0.001658,-0.011783,0.016224,0.024744,0.016469
R606,E0701,Hartlepool UA,UL,0,-0.088,-0.057454,-0.021392,-0.050189,-0.04828,-0.0248,0.013712,0.01853,0.006075
R607,E0702,Middlesbrough UA,UL,0,-0.088,-0.039654,-0.004657,-0.061184,-0.060253,-0.025085,0.016988,0.016743,0.010933
R608,E0703,Redcar & Cleveland UA,UL,0,-0.084568,-0.036378,-0.012201,-0.045543,-0.037758,-0.042214,0.011897,0.018282,0.012734
R609,E0704,Stockton-on-Tees UA,UL,0,-0.072264,-0.037732,-0.00869,-0.037964,-0.020928,-0.026974,0.015234,0.022311,0.008284
R672,E0801,Cornwall UA,ULF,0,-0.032591,-0.028773,-0.014804,-0.028557,-0.010124,-0.016771,0.014443,0.019002,0.011339
R412,E0920,Cumbria,UF,0,-0.018909,-0.019617,-0.01982,-0.026395,-0.004895,-0.014391,0.023783,0.028159,0.012803
R46,E0931,Allerdale,L,0,-0.077645,-0.070927,0.004231,-0.042427,-0.064,0.011343,-0.029672,-0.052141,-0.022411
R47,E0932,Barrow-in-Furness,L,0,-0.088,-0.088,-0.088,-0.058741,-0.064,-0.060314,-0.060675,-0.030414,-0.025626
R48,E0933,Carlisle,L,0,-0.066716,-0.045329,0.010617,-0.040419,-0.042794,0.00027,-0.039499,-0.029286,-0.010762
R49,E0934,Copeland,L,0,-0.088,-0.088,-0.046811,-0.04434,-0.064,-0.038543,-0.046145,-0.062938,-0.03058
R50,E0935,Eden,L,0,-0.064497,-0.059721,0.005393,-0.019579,-0.049307,0.063952,-0.051568,-0.032578,-0.021936
R51,E0936,South Lakeland,L,0,-0.053359,-0.050883,-0.025894,-0.028654,-0.018947,0.006879,-0.019413,-0.012205,-0.045101
R621,E1001,Derby City UA,UL,0,-0.054457,-0.040292,-0.021965,-0.04529,-0.039941,-0.02895,0.018138,0.019374,0.007643
R634,E1021,Derbyshire,U,0,-0.023866,-0.023793,-0.022998,-0.027382,-0.000258,-0.028505,0.033415,0.029626,0.018706
R52,E1031,Amber Valley,L,0,-0.072222,-0.064365,-0.013301,-0.048756,-0.05201,-0.030943,-0.040715,-0.025888,-0.007417
R53,E1032,Bolsover,L,0,-0.088,-0.088,-0.088,-0.051769,-0.059667,-0.026052,-0.044452,-0.029374,-0.020004
R54,E1033,Chesterfield,L,0,-0.088,-0.088,-0.087049,-0.069,-0.064,-0.019889,-0.056537,-0.03027,-0.020313
R60,E1035,Derbyshire Dales,L,0,-0.057943,-0.052424,-0.005313,-0.02379,-0.030515,0.008094,-0.060232,-0.033035,-0.030004
R56,E1036,Erewash,L,0,-0.06582,-0.061262,-0.006769,-0.054638,-0.052419,-0.022552,-0.055988,-0.046544,-0.026313
R57,E1037,High Peak,L,0,-0.06363,-0.055708,-0.026224,-0.046633,-0.050393,-0.030117,-0.040984,-0.027419,-0.012958
R58,E1038,North East Derbyshire,L,0,-0.062945,-0.061069,-0.027225,-0.059018,-0.063804,0.000308,-0.043701,-0.021489,0.004881
R59,E1039,South Derbyshire,L,0,-0.07153,-0.067014,-0.005115,-0.01887,-0.015424,0.002961,-0.046863,0.008987,0.005148
R652,E1101,Plymouth UA,UL,0,-0.04338,-0.028134,-0.018082,-0.042912,-0.032665,-0.038039,0.021416,0.015624,0.007072
R653,E1102,Torbay UA,UL,0,-0.034357,-0.03134,-0.023431,-0.038074,-0.030322,-0.030483,0.029762,0.020343,0.007805
R665,E1121,Devon,U,0,-0.017849,-0.020664,-0.020568,-0.019113,0.006558,-0.007171,0.032614,0.032647,0.011364
R61,E1131,East Devon,L,0,-0.065543,-0.05155,-0.011566,-0.005604,0.027288,0.083546,-0.001825,-0.019424,-0.01851
R62,E1132,Exeter,L,0,-0.076369,-0.067031,0.026371,-0.034571,-0.031493,0.009073,-0.064318,-0.074033,-0.024145
R67,E1133,Mid Devon,L,0,-0.065724,-0.062006,0.012894,0.000535,-0.025882,0.015759,-0.044237,-0.052968,-0.02424
R63,E1134,North Devon,L,0,-0.08418,-0.063499,-0.023474,-0.059116,-0.051078,0.001683,-0.049278,0.019331,-0.012788
R65,E1136,South Hams,L,0,-0.057425,-0.054481,0.000432,-0.01229,-0.021187,0.037869,-0.087568,-0.023369,-0.026421
R66,E1137,Teignbridge,L,0,-0.063262,-0.05998,-0.010017,-0.014156,-0.000032,0.017374,-0.046669,-0.031928,-0.033685
R69,E1139,Torridge,L,0,-0.070297,-0.066705,0.017124,-0.044328,-0.042541,0.050151,-0.058777,-0.033233,-0.018728
R70,E1140,West Devon,L,0,-0.061866,-0.057961,0.014206,-0.020368,-0.02961,0.037941,-0.127258,-0.031206,-0.037399
R623,E1201,Poole UA,UL,0,-0.009575,-0.018445,-0.018216,-0.012723,0.016873,-0.015452,0.019515,0.02258,0.008236
R622,E1202,Bournemouth UA,UL,0,-0.038445,-0.037308,-0.022609,-0.031253,-0.010362,-0.020321,0.015534,0.020705,0.011151
R635,E1221,Dorset,U,0,0.00242,-0.011224,-0.016052,-0.009705,0.021215,-0.013325,0.030885,0.030598,0.000648
R72,E1232,Christchurch,L,0,-0.043718,-0.021448,-0.017829,-0.010574,-0.025836,0.003013,-0.059664,-0.026372,-0.050064
R78,E1233,East Dorset,L,0,-0.029677,-0.024709,-0.02029,-0.008365,-0.020943,0.004592,-0.032764,-0.00756,-0.066799
R73,E1234,North Dorset,L,0,-0.064695,-0.061838,0.038024,-0.028377,-0.009001,0.021181,-0.099752,-0.083118,-0.074257
R75,E1236,Purbeck,L,0,-0.053825,-0.046521,-0.018287,-0.032845,-0.048997,-0.002499,-0.045062,-0.02407,-0.022405
R76,E1237,West Dorset,L,0,-0.076654,-0.065732,-0.009031,-0.022441,-0.032284,0.020623,-0.058617,-0.041031,-0.031413
R77,E1238,Weymouth & Portland,L,0,-0.057634,-0.055156,-0.035466,-0.020476,-0.035579,-0.025635,-0.059234,-0.038996,-0.033688
R624,E1301,Darlington UA,UL,0,-0.035401,-0.030795,-0.001333,-0.039379,-0.02323,-0.023496,0.014152,0.021999,0.005772
R673,E1302,Durham UA,UL,0,-0.06876,-0.032308,-0.013156,-0.043458,-0.027688,-0.030119,0.021162,0.018464,0.011819
R625,E1401,Brighton & Hove UA,UL,0,-0.046587,-0.040329,-0.028033,-0.038648,-0.020028,-0.022725,0.015749,0.021947,0.006492
R637,E1421,East Sussex,U,0,-0.01554,-0.018774,-0.017686,-0.017246,0.007659,-0.012791,0.03058,0.025866,0.012801
R88,E1432,Eastbourne,L,0,-0.058213,-0.045402,-0.019363,-0.044109,-0.058466,-0.032826,-0.059561,-0.044236,-0.018036
R89,E1433,Hastings,L,0,-0.088,-0.088,-0.088,-0.041827,-0.064,-0.025569,-0.063138,-0.032646,-0.006657
R91,E1435,Lewes,L,0,-0.048984,-0.037902,-0.004501,-0.019929,-0.035039,-0.023644,-0.056613,-0.061001,-0.010092
R92,E1436,Rother,L,0,-0.057182,-0.053804,-0.025347,-0.028047,-0.032128,-0.00108,-0.073204,-0.03968,-0.019035
R93,E1437,Wealden,L,0,-0.048907,-0.050262,0.018281,0.006331,0.01496,0.021545,-0.07422,-0.067914,-0.048189
R654,E1501,Southend-on-Sea UA,UL,0,-0.035399,-0.031529,-0.016891,-0.034479,-0.02359,-0.028737,0.025319,0.023114,0.011092
R655,E1502,Thurrock UA,UL,0,-0.023998,-0.022646,-0.021509,-0.035357,-0.021901,-0.030105,0.026919,0.024804,0.009415
R666,E1521,Essex,U,0,-0.013172,-0.017602,-0.022063,-0.017401,0.009648,-0.018402,0.017621,0.024954,0.013362
R94,E1531,Basildon,L,0,-0.063186,-0.046672,-0.01163,-0.030677,-0.044602,-0.003165,-0.042442,-0.06433,0.000785
R95,E1532,Braintree,L,0,-0.071241,-0.059811,0.000706,-0.040012,-0.048166,0.008523,-0.06323,-0.059635,-0.000042
R96,E1533,Brentwood,L,0,-0.056413,-0.05695,-0.012662,0.003675,-0.023075,-0.00962,-0.074223,-0.08704,-0.034523
R97,E1534,Castle Point,L,0,-0.059888,-0.046618,-0.034306,-0.03585,-0.044235,-0.010004,-0.04897,-0.021266,-0.005004
R98,E1535,Chelmsford,L,0,-0.056857,-0.035792,-0.011078,-0.025578,-0.042334,0.005658,-0.00065,0.03986,0.017284
R99,E1536,Colchester,L,0,-0.060711,-0.041034,0.011205,-0.016937,0.001321,0.002186,-0.066514,-0.062424,-0.025035
R100,E1537,Epping Forest,L,0,-0.061935,-0.056285,-0.008497,-0.020081,-0.043084,-0.011685,-0.086764,-0.084622,-0.010454
R101,E1538,Harlow,L,0,-0.088,-0.058744,-0.031185,-0.046917,-0.044295,-0.037165,-0.05387,-0.007465,-0.014375
R102,E1539,Maldon,L,0,-0.056181,-0.052231,-0.02083,-0.030583,-0.049463,-0.013956,-0.024112,-0.008745,0.004222
R103,E1540,Rochford,L,0,-0.04802,-0.036842,-0.024832,-0.027567,-0.004981,-0.007017,-0.049455,-0.003169,-0.058583
R105,E1542,Tendring,L,0,-0.070886,-0.064814,-0.011724,-0.062081,-0.064,-0.025309,-0.051344,-0.028777,-0.014864
R107,E1544,Uttlesford,L,0,-0.056146,-0.049975,0.068781,0.049321,0.031045,0.054908,-0.065644,-0.073916,-0.00825
R419,E1620,Gloucestershire,UF,0,-0.025137,-0.024258,-0.023793,-0.017469,0.007931,-0.013501,0.024769,0.028257,0.021646
R108,E1631,Cheltenham,L,0,-0.060325,-0.03751,-0.026497,-0.02713,-0.022673,0.002557,-0.052127,-0.004233,-0.012683
R109,E1632,Cotswold,L,0,-0.064494,-0.061195,0.026262,0.009558,0.00498,0.073753,-0.049688,0.018218,0.005446
R110,E1633,Forest of Dean,L,0,-0.071174,-0.066184,-0.005198,-0.036346,-0.03767,0.021246,-0.046041,-0.040358,-0.013822
R111,E1634,Gloucester,L,0,-0.074606,-0.04407,0.016993,-0.025689,-0.031446,0.009314,-0.098172,-0.068241,-0.021376
R112,E1635,Stroud,L,0,-0.06256,-0.056227,-0.014288,-0.01129,-0.000741,0.031364,-0.056584,-0.038066,-0.022845
R113,E1636,Tewkesbury,L,0,-0.067993,-0.062902,0.007728,0.01605,0.031662,0.051334,-0.031117,0.005048,-0.016524
R626,E1701,Portsmouth UA,UL,0,-0.044225,-0.0344,-0.017785,-0.049647,-0.03429,-0.042252,0.020645,0.021902,0.005602
R627,E1702,Southampton UA,UL,0,-0.043602,-0.032472,-0.019495,-0.045326,-0.030858,-0.0335,0.033805,0.028392,0.013731
R638,E1721,Hampshire,U,0,-0.009564,-0.019885,-0.021666,-0.005564,0.026099,-0.011799,0.026896,0.020983,0.011697
R114,E1731,Basingstoke & Deane,L,0,-0.064558,-0.039158,0.037468,-0.014236,-0.017932,0.001092,-0.165116,-0.067316,-0.017568
R115,E1732,East Hampshire,L,0,-0.053071,-0.045529,0.018397,0.007753,0.01679,0.00968,-0.093153,-0.023722,-0.03431
R116,E1733,Eastleigh,L,0,-0.06266,-0.052848,-0.000844,-0.023312,-0.02684,-0.015575,-0.097957,-0.020394,-0.008091
R117,E1734,Fareham,L,0,-0.063965,-0.052823,-0.001316,-0.014536,-0.030443,0.007536,-0.066907,-0.060363,-0.005909
R118,E1735,Gosport,L,0,-0.05849,-0.034146,0.000743,-0.046617,-0.060401,-0.027975,-0.050301,-0.041749,-0.008974
R119,E1736,Hart,L,0,-0.038801,-0.034843,-0.003294,0.016977,-0.000776,0.027259,0.009057,0.002476,-0.002548
R120,E1737,Havant,L,0,-0.063189,-0.056891,-0.032027,-0.039379,-0.047123,-0.006426,-0.02809,-0.019687,0.007001
R121,E1738,New Forest,L,0,-0.05987,-0.052535,-0.029187,-0.022972,-0.038797,-0.033706,-0.066214,-0.053233,-0.022235
R123,E1740,Rushmoor,L,0,-0.072088,-0.053489,-0.011365,-0.018817,-0.031541,-0.015288,-0.078569,-0.039656,-0.011149
R125,E1742,Test Valley,L,0,-0.064744,-0.06345,0.021526,0.036474,0.010933,0.067931,-0.005656,-0.071029,0.006981
R126,E1743,Winchester,L,0,-0.059683,-0.036353,0.004383,-0.000973,0.009906,0.007347,-0.06177,-0.046648,-0.028659
R656,E1801,Herefordshire UA,UL,0,-0.032094,-0.029752,-0.014222,-0.023686,-0.006278,0.007079,0.001526,0.023578,0.004582
R671,E1821,Worcestershire,U,0,-0.017343,-0.019837,-0.023776,-0.016681,0.01163,-0.014073,0.025621,0.031145,0.025175
R127,E1831,Bromsgrove,L,0,-0.045894,-0.044262,-0.012887,-0.013623,-0.01291,0.006356,-0.000859,0.002676,-0.02538
R131,E1835,Redditch,L,0,-0.072371,-0.056092,-0.024137,-0.031658,-0.050049,-0.010628,-0.040748,-0.038724,0.002269
R133,E1837,Worcester,L,0,-0.059886,-0.048355,0.004267,-0.022589,-0.043146,0.017837,-0.041219,-0.053657,0.006709
R134,E1838,Wychavon,L,0,-0.081036,-0.064383,0.000953,-0.004452,0.013707,0.0726,-0.000457,-0.003405,0.003988
R135,E1839,Wyre Forest,L,0,-0.083963,-0.060713,-0.024425,-0.022101,-0.030663,0.005836,-0.078199,-0.051422,-0.015377
R657,E1851,Malvern Hills,L,0,-0.069258,-0.065149,-0.006703,-0.014732,-0.017998,0.013674,-0.082417,-0.017041,-0.02116
R422,E1920,Hertfordshire,UF,0,-0.015494,-0.022875,-0.023969,-0.010659,0.018536,-0.011161,0.024672,0.020661,0.011264
R136,E1931,Broxbourne,L,0,-0.06122,-0.051989,-0.004623,-0.033084,-0.062852,-0.014658,-0.085807,-0.070893,-0.012911
R137,E1932,Dacorum,L,0,-0.054859,-0.045916,-0.00555,-0.005006,-0.025011,0.018473,-0.040204,-0.037581,-0.024673
R138,E1933,East Hertfordshire,L,0,-0.056323,-0.046583,-0.007952,0.007505,-0.010806,0.004448,-0.023233,-0.053059,-0.007788
R139,E1934,Hertsmere,L,0,-0.076884,-0.063536,-0.016917,-0.026274,-0.018547,-0.003225,-0.049733,-0.057912,-0.037894
R140,E1935,North Hertfordshire,L,0,-0.051977,-0.049303,-0.011072,-0.011266,-0.019976,-0.015643,-0.068407,-0.022405,-0.047388
R141,E1936,St Albans,L,0,-0.056171,-0.046194,-0.00441,0.013067,0.001105,-0.00796,-0.082837,-0.075791,-0.055769
R142,E1937,Stevenage,L,0,-0.063718,-0.046336,-0.006135,-0.039112,-0.046116,-0.012084,-0.048596,-0.014101,-0.000655
R143,E1938,Three Rivers,L,0,-0.063794,-0.061014,-0.014719,-0.02748,-0.002024,0.013475,-0.051302,-0.05958,-0.046632
R144,E1939,Watford,L,0,-0.064246,-0.055518,-0.000997,0.002281,-0.015322,-0.029935,-0.114107,-0.080914,-0.030535
R145,E1940,Welwyn Hatfield,L,0,-0.052928,-0.023725,-0.004655,-0.032017,-0.033079,-0.01629,-0.037135,-0.040986,-0.002991
R610,E2001,East Riding of Yorkshire UA,UL,0,-0.029336,-0.027297,-0.021436,-0.029106,-0.010638,-0.016366,0.019339,0.023929,0.006297
R611,E2002,Kingston upon Hull UA,UL,0,-0.088,-0.048226,-0.013038,-0.062363,-0.059774,-0.033981,0.03151,0.02047,0.010135
R612,E2003,North East Lincolnshire UA,UL,0,-0.088,-0.042828,-0.01937,-0.044005,-0.037317,-0.0327,0.016503,0.015343,0.004658
R613,E2004,North Lincolnshire UA,UL,0,-0.040782,-0.032203,-0.016547,-0.037349,-0.023313,-0.033264,0.020566,0.021934,0.00973
R601,E2101,Isle of Wight UA,ULF,0,-0.039096,-0.032163,-0.023781,-0.032872,-0.016446,-0.018285,0.020779,0.024726,0.013264
R658,E2201,The Medway Towns UA,UL,0,-0.035712,-0.030648,-0.01394,-0.027745,-0.012342,-0.02397,-0.002514,0.007563,0.004231
R667,E2221,Kent,U,0,-0.018297,-0.020418,-0.019138,-0.019871,0.007736,-0.017094,0.030703,0.029544,0.023144
R157,E2231,Ashford,L,0,-0.088,-0.07851,0.043274,-0.024143,-0.037046,0.023203,-0.047565,-0.061347,0.028174
R158,E2232,Canterbury,L,0,-0.063919,-0.062751,-0.009169,-0.013656,-0.040422,-0.026302,-0.072101,-0.079198,-0.024788
R159,E2233,Dartford,L,0,-0.064382,-0.047136,0.01213,-0.0087,-0.005968,0.028319,-0.006361,0.039553,0.023844
R160,E2234,Dover,L,0,-0.074756,-0.066563,0.001593,-0.041572,-0.056243,-0.018457,-0.025731,-0.028306,0.001053
R162,E2236,Gravesham,L,0,-0.07012,-0.056894,0.007745,-0.030302,-0.046796,-0.023272,-0.055336,-0.074439,-0.019091
R163,E2237,Maidstone,L,0,-0.043384,-0.035774,0.023394,0.003446,-0.010858,0.01231,-0.061305,-0.005605,-0.024277
R165,E2239,Sevenoaks,L,0,-0.047709,-0.047621,-0.018145,-0.007955,-0.012616,-0.003206,-0.04914,-0.00356,-0.05283
R166,E2240,Shepway,L,0,-0.08643,-0.053629,-0.012346,-0.042588,-0.044635,-0.013833,-0.050592,-0.008443,0.005106
R167,E2241,Swale,L,0,-0.078224,-0.067067,-0.005076,-0.036127,-0.041225,-0.01132,-0.064205,-0.042755,-0.009539
R168,E2242,Thanet,L,0,-0.088,-0.088,-0.039872,-0.043355,-0.053164,-0.021524,-0.077279,-0.046637,-0.015916
R169,E2243,Tonbridge & Malling,L,0,-0.048439,-0.042805,0.004469,0.010821,0.003073,0.021261,-0.031398,0.020164,-0.021705
R170,E2244,Tunbridge Wells,L,0,-0.063948,-0.048536,0.018512,-0.038226,-0.043543,0.011037,-0.052467,-0.01339,-0.003802
R659,E2301,Blackburn with Darwen UA,UL,0,-0.088,-0.057197,-0.015468,-0.057271,-0.049783,-0.045285,0.01771,0.020108,0.003328
R660,E2302,Blackpool UA,UL,0,-0.073265,-0.030155,-0.011655,-0.056198,-0.049992,-0.041504,0.014592,0.013724,0.002067
R668,E2321,Lancashire,U,0,-0.030656,-0.027827,-0.021937,-0.030276,-0.005381,-0.028887,0.03383,0.02991,0.019152
R173,E2333,Burnley,L,0,-0.088,-0.088,-0.088,-0.055298,-0.064,-0.043782,-0.038785,-0.03481,-0.021661
R174,E2334,Chorley,L,0,-0.065647,-0.061685,0.016839,0.005082,-0.008104,0.028585,-0.053906,-0.070827,-0.007238
R175,E2335,Fylde,L,0,-0.056894,-0.056569,-0.010862,-0.011941,-0.015335,-0.013369,-0.041577,-0.035128,-0.011476
R176,E2336,Hyndburn,L,0,-0.088,-0.088,-0.088,-0.06169,-0.064,-0.051409,-0.031999,-0.025639,-0.014404
R177,E2337,Lancaster,L,0,-0.075937,-0.067412,-0.020962,-0.064383,-0.064,-0.009613,-0.036743,-0.013141,0.002844
R178,E2338,Pendle,L,0,-0.088,-0.088,-0.088,-0.054274,-0.064,-0.041634,-0.048348,-0.045786,-0.025388
R179,E2339,Preston,L,0,-0.088,-0.088,-0.06752,-0.047091,-0.064,-0.032981,-0.030737,-0.013368,0.003024
R180,E2340,Ribble Valley,L,0,-0.060901,-0.060447,-0.008643,-0.019742,-0.009148,0.042583,-0.005505,0.002898,-0.007584
R181,E2341,Rossendale,L,0,-0.088,-0.079191,-0.034836,-0.035618,-0.047468,-0.033272,-0.04687,-0.015367,-0.010775
R182,E2342,South Ribble,L,0,-0.057672,-0.053213,-0.019538,-0.041157,-0.0214,-0.000646,-0.048615,-0.025977,-0.025155
R183,E2343,West Lancashire,L,0,-0.067225,-0.061934,-0.01155,-0.035551,-0.049574,-0.02429,-0.030631,-0.049503,-0.015188
R184,E2344,Wyre,L,0,-0.063113,-0.062414,-0.015861,-0.036622,-0.030318,-0.011111,-0.04112,-0.036079,-0.031231
R628,E2401,Leicester City UA,UL,0,-0.067123,-0.03536,0.003663,-0.055703,-0.055477,-0.026862,0.012369,0.019699,0.008703
R629,E2402,Rutland UA,UL,0,-0.022176,-0.024041,-0.020656,-0.011426,0.019291,0.025017,0.001939,0.03118,0.012835
R639,E2421,Leicestershire,U,0,-0.017643,-0.020534,-0.021883,-0.011013,0.018259,-0.010969,0.031533,0.030223,0.02511
R185,E2431,Blaby,L,0,-0.068744,-0.064812,-0.000294,-0.029135,-0.034873,0.030345,0.012689,0.013816,0.029737
R186,E2432,Charnwood,L,0,-0.075538,-0.064873,0.018231,-0.025749,-0.02314,0.008187,-0.04722,-0.01949,-0.005219
R187,E2433,Harborough,L,0,-0.061356,-0.059702,-0.01515,0.012496,0.004883,0.045403,-0.046014,-0.021761,-0.000861
R188,E2434,Hinckley & Bosworth,L,0,-0.07085,-0.064767,-0.001285,-0.03384,-0.024286,0.058484,-0.024847,-0.015486,0.001931
R190,E2436,Melton,L,0,-0.064697,-0.061576,-0.011197,-0.011696,-0.056118,0.00685,-0.107627,-0.054622,-0.003494
R191,E2437,North West Leicestershire,L,0,-0.066095,-0.063978,-0.004552,-0.017511,0.000129,0.01005,-0.024026,0.006971,-0.007849
R192,E2438,Oadby & Wigston,L,0,-0.066719,-0.059497,-0.033492,-0.04508,-0.058136,-0.02736,-0.038562,-0.014607,-0.003898
R428,E2520,Lincolnshire,UF,0,-0.02727,-0.025658,-0.01496,-0.028753,-0.003747,-0.012772,0.027888,0.033576,0.016186
R194,E2531,Boston,L,0,-0.088,-0.080838,0.018966,-0.052732,-0.064,-0.024735,-0.072378,-0.036633,-0.022974
R195,E2532,East Lindsey,L,0,-0.087625,-0.080269,-0.008625,-0.069,-0.064,0.015783,-0.069707,-0.023772,-0.046039
R196,E2533,Lincoln,L,0,-0.073485,-0.062361,-0.015514,-0.02797,-0.051071,-0.026448,-0.077631,-0.053429,-0.018472
R197,E2534,North Kesteven,L,0,-0.076643,-0.063642,0.004937,-0.025264,-0.043683,0.042416,-0.089204,-0.034335,0.000589
R198,E2535,South Holland,L,0,-0.085104,-0.067598,0.005361,-0.051885,-0.062119,0.003505,-0.064268,-0.035874,-0.019143
R199,E2536,South Kesteven,L,0,-0.070006,-0.062846,0.021371,-0.021991,-0.025393,0.019402,-0.078616,-0.070775,-0.027384
R200,E2537,West Lindsey,L,0,-0.072038,-0.063744,0.00361,-0.027367,-0.036248,0.030682,-0.085066,-0.047753,-0.033899
R429,E2620,Norfolk,UF,0,-0.016819,-0.018741,-0.015551,-0.024653,-0.00745,-0.019713,0.031877,0.029607,0.012276
R201,E2631,Breckland,L,0,-0.088,-0.088,-0.028875,-0.050405,-0.045692,0.056353,-0.048649,-0.014276,-0.024483
R202,E2632,Broadland,L,0,-0.063451,-0.060943,-0.004045,-0.034032,-0.043622,-0.004744,-0.016755,-0.001105,0.009086
R203,E2633,Great Yarmouth,L,0,-0.088,-0.088,-0.088,-0.066144,-0.064,-0.044001,-0.059012,-0.046118,-0.023098
R207,E2634,King's Lynn & West Norfolk,L,0,-0.087422,-0.07317,0.013523,-0.041018,-0.05645,-0.008134,-0.081078,-0.068166,-0.038962
R204,E2635,North Norfolk,L,0,-0.068211,-0.060631,-0.018728,-0.026595,-0.04428,0.009633,-0.076856,-0.039509,-0.031812
R205,E2636,Norwich,L,0,-0.088,-0.081252,-0.012138,-0.049001,-0.062073,-0.030283,-0.088012,-0.048839,-0.017843
R206,E2637,South Norfolk,L,0,-0.066012,-0.063682,0.02833,0.0009,0.010955,0.033892,-0.069616,-0.02653,-0.017033
R617,E2701,York UA,UL,0,-0.034112,-0.032492,-0.010058,-0.024231,0.000278,-0.014305,0.007329,0.029853,0.012555
R618,E2721,North Yorkshire,U,0,-0.020682,-0.021739,-0.024782,-0.015881,0.012672,0.004308,0.020909,0.032144,0.017689
R221,E2731,Craven,L,0,-0.072251,-0.053769,0.001504,-0.025339,-0.062823,0.044574,-0.070541,-0.041017,0.011567
R222,E2732,Hambleton,L,0,-0.067154,-0.065026,0.01169,-0.032837,-0.043278,0.089756,-0.062091,0.02315,-0.001023
R224,E2734,Richmondshire,L,0,-0.058836,-0.061621,0.02762,-0.031665,-0.030829,0.011013,-0.041661,-0.026997,-0.027565
R226,E2736,Scarborough,L,0,-0.065586,-0.048838,-0.012452,-0.05246,-0.064,-0.025497,-0.042591,-0.029828,-0.004823
R614,E2753,Harrogate,L,0,-0.054275,-0.046827,-0.027527,-0.028965,-0.028848,-0.019582,-0.046088,0.007758,-0.024738
R615,E2755,Ryedale,L,0,-0.062366,-0.061817,0.014434,-0.000448,-0.025195,0.059827,-0.065577,-0.041101,-0.01973
R616,E2757,Selby,L,0,-0.068892,-0.053449,0.014258,-0.009945,-0.034734,0.010007,-0.069303,-0.036661,-0.002862
R430,E2820,Northamptonshire,UF,0,-0.026087,-0.023438,-0.022274,-0.023337,0.004941,-0.014795,0.035599,0.034906,0.019274
R208,E2831,Corby,L,0,-0.088,-0.066263,0.044422,0.002599,-0.015822,0.016073,-0.089718,-0.083353,-0.017823
R209,E2832,Daventry,L,0,-0.072087,-0.066659,-0.016261,-0.05072,-0.018767,0.038351,0.031619,0.055232,0.010623
R210,E2833,East Northamptonshire,L,0,-0.069621,-0.066402,0.011363,-0.036087,-0.027403,0.032461,-0.054263,0.012898,0.00463
R211,E2834,Kettering,L,0,-0.063871,-0.053548,-0.002968,-0.024414,-0.01557,0.000267,-0.059109,0.000074,0.002331
R212,E2835,Northampton,L,0,-0.070519,-0.041221,-0.004626,-0.033952,-0.027119,-0.006934,-0.050196,-0.0362,-0.013081
R213,E2836,South Northamptonshire,L,0,-0.065338,-0.061766,0.000088,-0.018461,-0.001286,0.037854,-0.017737,-0.0039,-0.000168
R214,E2837,Wellingborough,L,0,-0.076466,-0.070103,-0.015797,-0.053089,-0.064,0.011284,-0.046041,-0.024515,0.013017
R674,E2901,Northumberland UA,ULF,0,-0.056991,-0.031602,-0.020057,-0.031431,-0.008299,-0.019195,0.020096,0.024513,0.00465
R661,E3001,City of Nottingham UA,UL,0,-0.084284,-0.041905,-0.002789,-0.057594,-0.057578,-0.041586,0.014167,0.020262,0.007447
R669,E3021,Nottinghamshire,U,0,-0.026702,-0.025754,-0.025463,-0.02312,0.000486,-0.022525,0.033951,0.029501,0.013106
R229,E3031,Ashfield,L,0,-0.088,-0.075944,-0.000487,-0.038499,-0.03022,0.001892,-0.061861,-0.037876,-0.023827
R230,E3032,Bassetlaw,L,0,-0.088,-0.07326,-0.010129,-0.055022,-0.06285,-0.017367,-0.058855,-0.036902,-0.017175
R231,E3033,Broxtowe,L,0,-0.082248,-0.063728,-0.022714,-0.059171,-0.064,-0.053769,-0.084349,-0.03374,-0.017585
R232,E3034,Gedling,L,0,-0.071661,-0.061093,0.009221,-0.031093,-0.035822,-0.026092,-0.090369,-0.07499,-0.042643
R233,E3035,Mansfield,L,0,-0.088,-0.064434,-0.020165,-0.053266,-0.055755,-0.037375,-0.048673,-0.045522,-0.0293
R234,E3036,Newark & Sherwood,L,0,-0.07347,-0.067948,-0.015537,-0.040458,-0.051554,-0.016857,-0.062076,-0.036453,-0.008643
R236,E3038,Rushcliffe,L,0,-0.063192,-0.057437,0.002864,-0.009585,-0.026884,-0.011209,-0.038761,-0.041378,-0.009613
R434,E3120,Oxfordshire,UF,0,-0.018845,-0.024202,-0.025931,-0.010063,0.013616,-0.006151,0.027016,0.025533,0.014747
R237,E3131,Cherwell,L,0,-0.073097,-0.063883,0.010877,-0.025666,-0.031838,0.033216,0.00673,-0.023737,0.020883
R238,E3132,Oxford,L,0,-0.064073,-0.060367,-0.022773,-0.04307,-0.052157,-0.021911,-0.068664,-0.032672,-0.010357
R239,E3133,South Oxfordshire,L,0,-0.06363,-0.057573,0.001985,0.007309,0.014823,0.0051,-0.040332,-0.078369,-0.043334
R240,E3134,Vale of White Horse,L,0,-0.069815,-0.064276,-0.011881,0.01052,0.001858,0.042556,0.006643,0.000468,0.022843
R241,E3135,West Oxfordshire,L,0,-0.068134,-0.053442,0.031298,-0.020319,-0.038257,0.027027,-0.052156,-0.01853,0.009312
R662,E3201,Telford and the Wrekin UA,UL,0,-0.041582,-0.034246,-0.006381,-0.036892,-0.026669,-0.018522,0.024101,0.027038,0.019379
R675,E3202,Shropshire UA,UL,0,-0.028586,-0.027376,-0.00954,-0.023447,-0.003073,0.007571,0.008304,0.030708,0.010682
R436,E3320,Somerset,U,0,-0.020087,-0.021313,-0.021657,-0.022608,0.005467,-0.00618,0.037892,0.0345,0.023617
R248,E3331,Mendip,L,0,-0.062678,-0.060497,0.00829,-0.023355,-0.028114,0.034108,-0.070805,-0.060956,-0.014387
R249,E3332,Sedgemoor,L,0,-0.071345,-0.065848,0.043106,-0.024909,-0.027873,0.020784,-0.086725,-0.090457,-0.023381
R250,E3333,Taunton Deane,L,0,-0.07291,-0.053583,0.027399,-0.011782,0.007384,0.029357,0.005245,-0.029593,-0.004733
R252,E3334,South Somerset,L,0,-0.075227,-0.050243,0.020442,0.010237,-0.034285,0.014401,-0.062948,-0.103272,-0.000202
R251,E3335,West Somerset,L,0,-0.088,-0.075103,0.011813,-0.052076,-0.058786,0.029841,-0.064729,-0.02324,-0.025294
R630,E3401,Stoke-on-Trent UA,UL,0,-0.080742,-0.030655,-0.000045,-0.052049,-0.043713,-0.054373,0.0151,0.018174,0.007766
R640,E3421,Staffordshire,U,0,-0.019634,-0.02095,-0.02133,-0.020541,0.007105,-0.023983,0.037431,0.026892,0.012424
R253,E3431,Cannock Chase,L,0,-0.069814,-0.063453,-0.029312,-0.04259,-0.060512,-0.035891,-0.071541,0.001589,-0.005138
R254,E3432,East Staffordshire,L,0,-0.080691,-0.059701,-0.001929,-0.023444,-0.047012,-0.033678,-0.045544,-0.036435,0.002536
R255,E3433,Lichfield,L,0,-0.06129,-0.054378,-0.005618,-0.008413,-0.029469,-0.003379,-0.06796,-0.044782,-0.031287
R256,E3434,Newcastle-under-Lyme,L,0,-0.066413,-0.060158,-0.020256,-0.044167,-0.041504,-0.020463,-0.06839,-0.030239,-0.031223
R257,E3435,South Staffordshire,L,0,-0.06849,-0.064407,-0.002303,-0.028566,-0.049782,-0.006566,-0.072249,-0.061853,-0.01894
R258,E3436,Stafford,L,0,-0.063075,-0.058,-0.006274,-0.01472,-0.039109,0.016504,-0.010765,-0.010999,0.022157
R259,E3437,Staffordshire Moorlands,L,0,-0.079232,-0.064725,-0.034734,-0.037315,-0.049281,-0.027407,-0.070289,-0.032027,-0.024762
R261,E3439,Tamworth,L,0,-0.069634,-0.065167,-0.019679,-0.057339,-0.064,-0.041277,-0.071627,-0.040883,-0.011916
R438,E3520,Suffolk,UF,0,-0.024347,-0.023718,-0.020858,-0.022488,0.000149,-0.029572,0.019034,0.027859,0.011443
R262,E3531,Babergh,L,0,-0.088,-0.070791,0.004722,-0.019013,-0.025202,-0.000188,-0.084275,-0.033604,-0.035437
R263,E3532,Forest Heath,L,0,-0.078688,-0.072307,0.000929,-0.006701,-0.042634,-0.013526,-0.194517,-0.088159,-0.033535
R264,E3533,Ipswich,L,0,-0.053289,-0.027351,-0.00956,-0.036296,-0.043657,-0.015187,-0.059496,-0.010061,-0.006129
R265,E3534,Mid Suffolk,L,0,-0.064347,-0.058477,0.010678,-0.003907,-0.009877,0.026532,-0.087787,-0.046588,-0.03287
R266,E3535,St Edmundsbury,L,0,-0.059683,-0.051133,-0.001819,-0.041113,-0.036212,0.015796,-0.04906,-0.028375,-0.015512
R267,E3536,Suffolk Coastal,L,0,-0.073025,-0.048833,-0.017617,-0.020032,-0.040432,0.022878,-0.026258,-0.015608,0.008623
R268,E3537,Waveney,L,0,-0.075897,-0.066728,-0.016867,-0.050603,-0.063283,-0.03239,-0.070305,-0.056159,-0.034264
R439,E3620,Surrey,UF,0,-0.003022,-0.015424,-0.000745,-0.00094,0.028789,-0.00479,0.015694,0.016363,0.009836
R269,E3631,Elmbridge,L,0,-0.036621,-0.040584,-0.019823,0.006195,-0.007766,-0.00545,-0.070479,-0.018301,-0.056811
R270,E3632,Epsom & Ewell,L,0,-0.047414,-0.035737,0.009848,0.030234,0.002557,-0.008305,-0.07622,-0.05518,-0.07066
R271,E3633,Guildford,L,0,-0.060259,-0.050862,-0.000398,-0.026014,-0.037684,0.007132,-0.037158,-0.053154,-0.011041
R272,E3634,Mole Valley,L,0,-0.04052,-0.039342,0.003279,-0.005078,-0.023997,-0.010132,-0.04048,-0.031044,-0.061513
R273,E3635,Reigate & Banstead,L,0,-0.04542,-0.028877,-0.012319,0.003483,0.018082,0.004467,-0.037122,-0.002092,-0.075585
R274,E3636,Runnymede,L,0,-0.0637,-0.059528,-0.01008,-0.027415,-0.041145,0.03368,-0.098381,-0.059973,-0.003599
R275,E3637,Spelthorne,L,0,-0.054104,-0.040373,0.003759,-0.013396,-0.019886,-0.004619,-0.052169,-0.02359,-0.046727
R276,E3638,Surrey Heath,L,0,-0.045363,-0.043759,-0.011612,-0.003426,-0.006597,-0.018486,-0.027088,-0.006712,-0.071636
R277,E3639,Tandridge,L,0,-0.038961,-0.040756,-0.001319,0.000965,-0.003701,-0.004739,-0.03018,-0.040976,-0.045388
R278,E3640,Waverley,L,0,-0.046582,-0.044186,-0.014019,-0.005764,-0.016444,0.01694,-0.052094,-0.028417,-0.027506
R279,E3641,Woking,L,0,-0.067205,-0.051872,-0.024468,-0.004337,-0.027611,0.005763,-0.032888,-0.006933,-0.031289
R440,E3720,Warwickshire,UF,0,-0.01329,-0.016864,-0.024197,-0.014878,0.012479,-0.010477,0.027391,0.030997,0.025483
R280,E3731,North Warwickshire,L,0,-0.067332,-0.063717,-0.025477,-0.043923,-0.047035,-0.023035,-0.044992,-0.011461,-0.003378
R281,E3732,Nuneaton & Bedworth,L,0,-0.065964,-0.047079,-0.00958,-0.040401,-0.056,-0.010168,-0.040143,-0.038547,0.007938
R282,E3733,Rugby,L,0,-0.063865,-0.05612,0.006043,-0.010182,-0.006316,0.030919,-0.063459,-0.046798,-0.017595
R283,E3734,Stratford-on-Avon,L,0,-0.056527,-0.053493,0.005641,-0.00941,-0.003171,0.057793,0.001191,0.045097,0.022371
R284,E3735,Warwick,L,0,-0.064457,-0.050593,-0.025682,-0.044881,-0.03944,0.007703,-0.043766,0.040209,0.014719
R441,E3820,West Sussex,UF,0,-0.006507,-0.016655,-0.02064,-0.00452,0.027756,-0.005241,0.025299,0.025912,0.024541
R285,E3831,Adur,L,0,-0.073127,-0.0361,-0.012436,-0.031454,-0.043721,-0.024933,-0.057749,-0.045402,-0.012933
R286,E3832,Arun,L,0,-0.062392,-0.047706,0.013826,-0.025332,-0.027476,0.018026,-0.032549,-0.052406,0.006819
R287,E3833,Chichester,L,0,-0.054683,-0.047415,0.001551,0.012476,-0.00595,0.060834,-0.060258,-0.041642,-0.018508
R288,E3834,Crawley,L,0,-0.077433,-0.041552,-0.012038,-0.050079,-0.057898,-0.030148,-0.064029,0.000298,0.00068
R289,E3835,Horsham,L,0,-0.048121,-0.049027,-0.01162,0.020467,0.029454,0.072233,0.01251,0.020131,0.001486
R290,E3836,Mid Sussex,L,0,-0.048308,-0.049666,0.011298,0.028113,0.012228,0.047646,-0.022009,-0.03183,-0.010593
R291,E3837,Worthing,L,0,-0.059784,-0.044468,-0.023162,-0.033089,-0.038304,0.002091,-0.04617,-0.016334,0.003792
R631,E3901,Swindon UA,UL,0,-0.024263,-0.022766,-0.010663,-0.018953,0.000956,-0.013747,0.014188,0.015931,0.009902
R676,E3902,Wiltshire UA,UL,0,-0.022657,-0.025841,-0.015746,-0.009861,0.014477,0.0128,0.006609,0.017159,0.007642
R403,E4001,Isles of Scilly,ULF,0,-0.001442,0.002198,-0.014773,0.016862,0.010134,0.011249,0.023471,0.021364,0.009025
R334,E4201,Bolton,UL,0,-0.069795,-0.038286,-0.016358,-0.044077,-0.036965,-0.039239,0.03027,0.019126,0.006433
R335,E4202,Bury,UL,0,-0.042612,-0.036086,-0.024248,-0.038215,-0.023291,-0.032723,0.016753,0.01381,-0.000733
R336,E4203,Manchester,UL,0,-0.088,-0.068853,-0.016977,-0.060497,-0.060974,-0.03445,0.01678,0.015123,0.009906
R337,E4204,Oldham,UL,0,-0.079554,-0.036777,-0.017125,-0.052771,-0.046367,-0.038554,0.010159,0.015597,0.007535
R338,E4205,Rochdale,UL,0,-0.088,-0.046849,-0.022845,-0.048652,-0.045003,-0.034919,0.020239,0.011029,0.002235
R339,E4206,Salford,UL,0,-0.088,-0.03949,-0.008483,-0.045981,-0.039463,-0.022708,0.009746,0.020968,0.010369
R340,E4207,Stockport,UL,0,-0.028088,-0.026933,-0.022578,-0.028502,-0.011654,-0.025322,0.024596,0.019433,0.006813
R341,E4208,Tameside,UL,0,-0.062365,-0.035468,-0.015515,-0.047954,-0.043054,-0.035862,0.027432,0.016162,0.006823
R342,E4209,Trafford,UL,0,-0.038047,-0.034516,-0.027529,-0.030908,-0.008133,-0.037206,0.019774,0.019619,0.00461
R343,E4210,Wigan,UL,0,-0.064221,-0.034293,-0.021112,-0.041319,-0.025248,-0.048126,0.018997,0.020468,0.004905
R344,E4301,Knowsley,UL,0,-0.088,-0.065274,-0.015945,-0.063659,-0.063394,-0.042251,0.020854,0.013717,0.002856
R345,E4302,Liverpool,UL,0,-0.088,-0.071393,-0.01575,-0.060744,-0.061157,-0.022471,0.02297,0.024024,0.011688
R346,E4303,St Helens,UL,0,-0.088,-0.049621,-0.012301,-0.050082,-0.031556,-0.031477,0.028723,0.01964,0.005282
R347,E4304,Sefton,UL,0,-0.067614,-0.03925,-0.021582,-0.046262,-0.028838,-0.026475,0.022453,0.02381,0.007681
R348,E4305,Wirral,UL,0,-0.074388,-0.040913,-0.024155,-0.047981,-0.032798,-0.03876,0.022468,0.019958,0.002415
R349,E4401,Barnsley,UL,0,-0.075805,-0.036175,-0.014368,-0.041996,-0.025383,-0.041259,0.030497,0.016441,0.005973
R350,E4402,Doncaster,UL,0,-0.088,-0.048245,-0.014615,-0.046911,-0.030141,-0.034428,0.02591,0.024147,0.014544
R351,E4403,Rotherham,UL,0,-0.052478,-0.038647,-0.017032,-0.040948,-0.030983,-0.030815,0.023177,0.014357,0.005151
R352,E4404,Sheffield,UL,0,-0.081476,-0.040107,-0.022068,-0.052364,-0.041866,-0.037055,0.015129,0.015526,0.001754
R353,E4501,Gateshead,UL,0,-0.072776,-0.036311,-0.017441,-0.048357,-0.033558,-0.038648,0.015628,0.019431,0.002307
R354,E4502,Newcastle upon Tyne,UL,0,-0.082566,-0.039934,-0.013777,-0.051657,-0.050202,-0.041791,0.021034,0.013123,0.000011
R355,E4503,North Tyneside,UL,0,-0.043769,-0.03773,-0.021656,-0.039856,-0.023874,-0.036328,0.023782,0.024017,0.008911
R356,E4504,South Tyneside,UL,0,-0.088,-0.055791,-0.01456,-0.051367,-0.041494,-0.040612,0.023748,0.016413,0.002791
R357,E4505,Sunderland,UL,0,-0.088,-0.040327,-0.014781,-0.052123,-0.042646,-0.037349,0.025769,0.019174,0.004483
R358,E4601,Birmingham,UL,0,-0.083149,-0.042607,-0.00941,-0.059013,-0.06196,-0.041602,0.013024,0.009163,0.000271
R359,E4602,Coventry,UL,0,-0.057183,-0.037705,-0.011874,-0.048437,-0.03912,-0.019038,0.016987,0.017787,0.009929
R360,E4603,Dudley,UL,0,-0.033829,-0.030699,-0.016072,-0.040374,-0.027959,-0.029038,0.020335,0.020159,0.009352
R361,E4604,Sandwell,UL,0,-0.067047,-0.035973,-0.003459,-0.053874,-0.052554,-0.037472,0.021927,0.014311,0.004097
R362,E4605,Solihull,UL,0,-0.035188,-0.030892,-0.027122,-0.024071,0.006974,-0.024537,0.021912,0.023116,0.006974
R363,E4606,Walsall,UL,0,-0.065651,-0.035641,-0.01272,-0.047271,-0.040063,-0.027414,0.020687,0.025084,0.011183
R364,E4607,Wolverhampton,UL,0,-0.069794,-0.035833,-0.010303,-0.052725,-0.050989,-0.037779,0.014351,0.018054,0.009113
R365,E4701,Bradford,UL,0,-0.088,-0.04092,-0.015861,-0.051754,-0.043084,-0.034048,0.011741,0.015499,0.004585
R366,E4702,Calderdale,UL,0,-0.049514,-0.037257,-0.020517,-0.037241,-0.02045,-0.034531,0.010848,0.016161,0.001105
R367,E4703,Kirklees,UL,0,-0.042583,-0.034058,-0.016088,-0.03845,-0.025072,-0.030568,0.021176,0.017264,0.004453
R368,E4704,Leeds,UL,0,-0.049855,-0.038208,-0.02286,-0.038437,-0.023062,-0.028547,0.018252,0.01908,0.005768
R369,E4705,Wakefield,UL,0,-0.047416,-0.037676,-0.021124,-0.040448,-0.021044,-0.02843,0.027979,0.028301,0.008583
R371,E5011,Camden,UL,0,-0.065411,-0.043913,-0.013796,-0.05675,-0.048646,-0.031881,-0.001605,0.00728,-0.005868
R372,E5012,Greenwich,UL,0,-0.077141,-0.044341,-0.007112,-0.05146,-0.044529,-0.016738,0.031197,0.018784,0.009397
R373,E5013,Hackney,UL,0,-0.088,-0.067703,-0.007076,-0.053904,-0.066974,-0.035008,-0.002226,-0.012912,0.007429
R374,E5014,Hammersmith & Fulham,UL,0,-0.0656,-0.043532,-0.012232,-0.056226,-0.049797,-0.041845,-0.003674,0.010375,0.01309
R375,E5015,Islington,UL,0,-0.08779,-0.043335,-0.00408,-0.049016,-0.052525,-0.028839,0.003401,-0.005904,0.003392
R376,E5016,Kensington & Chelsea,UL,0,-0.052635,-0.04258,-0.026699,-0.052437,-0.031887,-0.051151,-0.012705,0.014042,0.000603
R377,E5017,Lambeth,UL,0,-0.076952,-0.045029,-0.013636,-0.056766,-0.051505,-0.0313,0.003375,0.015898,0.004259
R378,E5018,Lewisham,UL,0,-0.06486,-0.043386,-0.011489,-0.052328,-0.056055,-0.030085,0.02076,0.006792,0.006351
R379,E5019,Southwark,UL,0,-0.084373,-0.046326,-0.011146,-0.053948,-0.060907,-0.035552,0.009164,0.01531,0.008404
R380,E5020,Tower Hamlets,UL,0,-0.088,-0.061739,-0.001842,-0.053529,-0.052476,-0.022403,0.006678,0.01186,0.008065
R381,E5021,Wandsworth,UL,0,-0.064498,-0.04581,-0.004376,-0.059604,-0.034461,-0.0209,0.026121,0.016825,0.0113
R382,E5022,Westminster,UL,0,-0.07218,-0.050351,-0.013396,-0.065996,-0.058233,-0.037439,-0.003673,0.006738,-0.000859
R383,E5030,Barking & Dagenham,UL,0,-0.059366,-0.034436,0.003342,-0.058822,-0.054075,-0.014147,0.018315,0.018379,0.013755
R384,E5031,Barnet,UL,0,-0.025975,-0.025131,-0.012795,-0.018258,0.002154,-0.026821,0.007244,0.021865,0.013281
R385,E5032,Bexley,UL,0,-0.027855,-0.027527,-0.012172,-0.031279,-0.00558,-0.019647,0.011992,0.018389,0.01327
R386,E5033,Brent,UL,0,-0.058547,-0.03957,-0.003059,-0.054524,-0.047171,-0.005009,0.020428,0.023194,0.02673
R387,E5034,Bromley,UL,0,-0.024556,-0.027485,-0.022196,-0.013823,0.012669,-0.015219,0.008823,0.007548,0.011312
R388,E5035,Croydon,UL,0,-0.050179,-0.029126,-0.011515,-0.027525,-0.017672,-0.0178,0.009144,0.021467,0.012648
R389,E5036,Ealing,UL,0,-0.048675,-0.037514,-0.012059,-0.04132,-0.024689,-0.040614,-0.007995,0.014794,0.008601
R390,E5037,Enfield,UL,0,-0.027737,-0.025088,-0.002997,-0.050577,-0.042108,-0.02996,0.005734,0.015328,0.004604
R391,E5038,Haringey,UL,0,-0.079046,-0.039585,-0.011772,-0.054081,-0.055569,-0.04629,0.005357,0.01253,0.008299
R392,E5039,Harrow,UL,0,-0.018948,-0.02364,-0.014127,-0.031379,-0.016208,-0.012992,0.014926,0.025424,0.010476
R393,E5040,Havering,UL,0,-0.017075,-0.021839,-0.015515,-0.01383,0.007356,-0.001836,0.016876,0.012122,0.017257
R394,E5041,Hillingdon,UL,0,-0.031087,-0.030698,-0.009718,-0.025766,-0.010747,-0.028563,-0.022469,0.010844,0.0219
R395,E5042,Hounslow,UL,0,-0.0469,-0.036867,-0.016111,-0.036236,-0.018867,-0.042777,0.006625,0.026376,0.019607
R396,E5043,Kingston upon Thames,UL,0,-0.025672,-0.025881,-0.023615,-0.012722,0.014325,-0.021495,0.001675,0.006635,0.000868
R397,E5044,Merton,UL,0,-0.038394,-0.033992,-0.021609,-0.027801,-0.012161,-0.041371,-0.002723,0.008945,0.004376
R398,E5045,Newham,UL,0,-0.088,-0.066284,0.001679,-0.066087,-0.054461,-0.049497,-0.003875,0.015007,-0.00308
R399,E5046,Redbridge,UL,0,-0.025947,-0.027867,-0.008671,-0.039747,-0.024514,-0.026239,0.017735,0.022522,0.008513
R400,E5047,Richmond upon Thames,UL,0,-0.006076,-0.016019,-0.016324,-0.008409,0.018397,-0.02922,-0.008063,0.011265,-0.005439
R401,E5048,Sutton,UL,0,-0.028048,-0.025566,-0.021878,-0.025449,-0.006189,-0.022828,-0.005818,0.017139,0.011178
R402,E5049,Waltham Forest,UL,0,-0.052121,-0.037046,0.004182,-0.049345,-0.042478,-0.022684,0.014842,0.0214,0.013035
